[
  {
    "id": "1710000000001",
    "name": "\u0e1a\u0e23\u0e34\u0e29\u0e31\u0e17 \u0e40\u0e2d \u0e08\u0e33\u0e01\u0e31\u0e14",
    "phone": "0899999999",
    "address": "123 \u0e2a\u0e38\u0e02\u0e38\u0e21\u0e27\u0e34\u0e17",
    "from": "lead",
    "joinedAt": "2024-05-01T00:00:00.000Z",
    "contactCount": 1
  },
  {
    "id": "1710000000002",
    "name": "\u0e04\u0e38\u0e13\u0e2a\u0e21\u0e0a\u0e32\u0e22 \u0e43\u0e08\u0e14\u0e35",
    "phone": "0812345678",
    "address": "456 \u0e16\u0e19\u0e19\u0e1e\u0e23\u0e30\u0e23\u0e32\u0e21 2",
    "from": "quote",
    "joinedAt": "2024-05-10T00:00:00.000Z",
    "contactCount": 2
  }
]
